ENZYME	CLASS	CLEAVAGE_SITE_TYPE	TERMINAL	SITE	REGION	AMINO_ACIDS	PH	TIME	TEMP	DENATURANT_INHIBITORS	BUFFER	SPECIES
ProAlanase	Serine protease	T	C			Pro-Ala	1.5	120	37	Urea/Guanidine	Tris/Phosphate	
Trypsin Platinum	Serine protease	T	C	K-R		Lys-Arg	8	140	37	Urea/Guanidine	Tris/Phosphate	Bovine/Porcine pancreas
Lys-C	Cysteine protease	T	C	K		Lys	7.0-9.0	60-1080	25-37	Urea/Guanidine	Tris/Phosphate	Lysobacter enzymogenes
rAsp-N	Aspartic protease	T	N	D		Asp	4.0-9.0	60	25-37	Urea/Guanidine	Phosphate/Acetate	
Rapid Digest Trypsin & Trypsin-Lys C	Serine protease	T	C	K-R		Lys-Arg	7.0-9.0	60	37	Urea/Guanidine	Tris/Phosphate	Bovine/Porcine pancreas
IdeZ	Metalloprotease	R		K-R			6.6-9.0	30	25-37	Urea/Guanidine	Tris/Phosphate	Staphylococcus aureus
IdeS 	Cysteine protease	T	C			Lys-Arg	6.6-9.0	30	25-37	Urea/Guanidine	Tris/Phosphate	Streptococcus pyogenes
Arg-C	Cysteine protease	T	C	R		Lys-Arg-Pro	7.6-7.9	30	25-37	Urea/Guanidine	Tris/Phosphate	Clostridium histolyticum
Asp-N	Aspartic protease	T	N	D		Tyr-Phe-Trp	4.0-9.0	120-1200	25-37	Urea/Guanidine	Phosphate/Acetate	Pseudomonas fragi
Chymotrypsin	Serine protease	T	C	F-Y-W-L			7.0-9.0	120-1080	25-37	SDS	Tris/Phosphate/Gel	Bovine/Porcine pancreas
Elastase	Serine protease	T	C	G-A-S-V		Ala-Val-Ser-Gly-Leu-Ile	9		37	SDS	Tris/Phosphate/Gel	Pancreas/Bacillus subtilis
Endoglycosidase H	Endoglycosidase	R					5.0-6.0	180	37	Urea/Guanidine	Tris/Phosphate/Gel	Streptomyces plicatus
Factor Xa	Serine protease	T	C			Ile-Gly/Asp-Gly-Arg	7.4	120	20-25	Urea/Guanidine	Tris/Phosphate/Gel	
Glu-C	Aspartic protease	T	C	E		Lys-Arg	4.0-9.0	300-1080	25-37	Urea/Guanidine	Tris/Phosphate	Staphylococcus aureus
Immobilized Trypsin	Serine protease	T	C	K-R		Phe-Leu-Tyr-Trp	7.5-9.0	30	37	Urea/Guanidine	Tris/Phosphate	
Pepsin	Aspartic protease	T	C	F-W-Y		Phe-Leu	1.0-3.0	120	25	SDS	Phosphate/Acetate/Gel	Bovine/Porcine stomach
PNGase F	Amidase	R				GlcNAc-Asn	8.6		37	Urea/Guanidine	Tris/Phosphate/Gel	Flavobacterium meningosepticum
Proteinase K (Lyophilized)	Serine protease	R					8	60-180	37-65	SDS/Phenol	Tris/Phosphate/Gel	Tritirachium album
ProTEV Plus (improved Nla)	Cysteine protease	R		ENLYFQG		Gln-Gly	5.5-8.5		37	Urea/Guanidine	Tris/Phosphate	
rLys-C	Cysteine protease	T	C	K		Lys	8.0-9.0	60-1080	37	Urea/Guanidine	Tris/Phosphate	
Sequencing Grade Modified Trypsin	Serine protease	T	C	K-R		Lys-Arg	7.8	60-600	37	Urea/Guanidine	Tris/Phosphate	Bovine/Porcine pancreas
Trypsin-Lys C	Serine protease-Cysteine protease	T	C	K-R		Lys-Arg	7.0-9.0	90-180	37	Urea/Guanidine	Tris/Phosphate/Gel	
Trypsin Gold	Serine protease	T	C	K-R		Lys-Arg	7.0-9.0	90-180	37	Urea/Guanidine	Tris/Phosphate/Gel	Bovine/Porcine pancreas
